{
	"type": "origins:action_over_time",
  	"entity_action": {
  		"type": "origins:and",
  		"actions": [
  			{
    			"type": "origins:execute_command",
    			"command": "gamerule showDeathMessages false",
    			"permission_level": 4
    		},
        {
          "type": "origins:execute_command",
          "command": "particle minecraft:warped_spore ~ ~1 ~ 0.2 0.5 0.2 1 1000 force",
          "permission_level": 4
        },
  			{
    			"type": "origins:delay",
    			"ticks": 1,
    			"action": {
    				"type": "origins:execute_command",
    				"command": "kill @s",
    				"permission_level": 4
    			}
    		},
  			{
    			"type": "origins:delay",
    			"ticks": 1,
    			"action": {
    				"type": "origins:execute_command",
    				"command": "gamerule showDeathMessages true",
    				"permission_level": 4
    			}
    		},
  			{
    			"type": "origins:delay",
    			"ticks": 1,
    			"action": {
            "type": "origins:choice",
            "actions": [
              {
                "element": {
          				"type": "origins:execute_command",
          				"command": "tellraw @a [{\"selector\":\"@s\",\"italic\":false},{\"text\":\" was too unstable\"}]",
          				"permission_level": 4
                },
                "weight": 10
              },
              {
                "element": {
                  "type": "origins:execute_command",
                  "command": "tellraw @a [{\"selector\":\"@s\",\"italic\":false},{\"text\":\" was scattered throughout the universe\"}]",
                  "permission_level": 4
                },
                "weight": 10
              },
              {
                "element": {
                  "type": "origins:execute_command",
                  "command": "tellraw @a [{\"selector\":\"@s\",\"italic\":false},{\"text\":\" couldn't keep it together (literally)\"}]",
                  "permission_level": 4
                },
                "weight": 10
              },
              {
                "element": {
                  "type": "origins:execute_command",
                  "command": "tellraw @a [{\"selector\":\"@s\",\"italic\":false},{\"text\":\"'s atoms fell apart\"}]",
                  "permission_level": 4
                },
                "weight": 10
              },
              {
                "element": {
                  "type": "origins:execute_command",
                  "command": "tellraw @a [{\"selector\":\"@s\",\"italic\":false},{\"text\":\"'s atoms dissolved\"}]",
                  "permission_level": 4
                },
                "weight": 10
              },
              {
                "element": {
                  "type": "origins:execute_command",
                  "command": "tellraw @a [{\"selector\":\"@s\",\"italic\":false},{\"text\":\" experienced dissolution\"}]",
                  "permission_level": 4
                },
                "weight": 10
              },
							{
                "element": {
                  "type": "origins:execute_command",
                  "command": "tellraw @a [{\"selector\":\"@s\",\"italic\":false},{\"text\":\" visited the backrooms\"}]",
                  "permission_level": 4
                },
                "weight": 5
              }
            ]
    			}
    		},
    		{
    			"type": "origins:change_resource",
    			"resource": "warp:displacement",
    			"change": -100
    		}
    	]
  	},
  	"interval": 1,
  	"condition": {
      "type": "origins:resource",
      "resource": "warp:displacement",
      "comparison": ">=",
      "compare_to": 100
    },
    "hidden": true
}
