{
	"type": "origins:multiple",
	"basic": {
	  	"type": "origins:action_over_time",
	  	"entity_action": {
	    	"type": "origins:change_resource",
	    	"resource": "warp:displacement",
	    	"change": -1
	  	},
	  	"condition": {
	  		"type": "origins:and",
	  		"conditions": [
	  			{
			  		"type": "origins:health",
			  		"comparison": ">",
			  		"compare_to": 6
			  	},
	  			{
			  		"type": "origins:health",
			  		"comparison": "<",
			  		"compare_to": 20
			  	}
			]
	  	},
	  	"interval": 20,
	  	"hidden": true
	},
	"full": {
	  	"type": "origins:action_over_time",
	  	"entity_action": {
	    	"type": "origins:change_resource",
	    	"resource": "warp:displacement",
	    	"change": -1
	  	},
	  	"condition": {
			"type": "origins:health",
			"comparison": ">",
			"compare_to": 19
	  	},
	  	"interval": 5,
	  	"hidden": true
	},
	"low": {
	  	"type": "origins:action_over_time",
	  	"entity_action": {
	    	"type": "origins:change_resource",
	    	"resource": "warp:displacement",
	    	"change": -1
	  	},
	  	"condition": {
			"type": "origins:health",
			"comparison": "<",
			"compare_to": 7
	  	},
	  	"interval": 40,
	  	"hidden": true
	},
	"hidden": true
}