{
  "type": "origins:active_self",
  "entity_action": {
    "type": "origins:and",
    "actions": [
      {
        "type": "origins:execute_command",
        "command": "function raycast:start_ray",
        "permission_level": 4
      },
      {
        "type": "origins:change_resource",
        "resource": "warp:displacement",
        "change": 25
      }
    ]
  },
  "condition": {
    "type": "origins:and",
    "conditions": [
      {
        "type": "origins:equipped_item",
        "equipment_slot": "mainhand",
        "item_condition": {
          "type": "origins:ingredient",
          "inverted": true,
          "ingredient": {
            "item": "minecraft:grass_block"
          }
        }
      },
      {
        "type": "origins:equipped_item",
        "equipment_slot": "offhand",
        "item_condition": {
          "type": "origins:ingredient",
          "inverted": true,
          "ingredient": {
            "item": "minecraft:grass_block"
          }
        }
      },
      {
        "type": "origins:equipped_item",
        "equipment_slot": "mainhand",
        "item_condition": {
          "type": "origins:ingredient",
          "inverted": true,
          "ingredient": {
            "item": "minecraft:dirt"
          }
        }
      },
      {
        "type": "origins:equipped_item",
        "equipment_slot": "offhand",
        "item_condition": {
          "type": "origins:ingredient",
          "inverted": true,
          "ingredient": {
            "item": "minecraft:dirt"
          }
        }
      },
      {
        "type": "origins:equipped_item",
        "equipment_slot": "mainhand",
        "item_condition": {
          "type": "origins:ingredient",
          "inverted": true,
          "ingredient": {
            "item": "minecraft:netherrack"
          }
        }
      },
      {
        "type": "origins:equipped_item",
        "equipment_slot": "offhand",
        "item_condition": {
          "type": "origins:ingredient",
          "inverted": true,
          "ingredient": {
            "item": "minecraft:netherrack"
          }
        }
      },
      {
        "type": "origins:equipped_item",
        "equipment_slot": "mainhand",
        "item_condition": {
          "type": "origins:ingredient",
          "inverted": true,
          "ingredient": {
            "item": "minecraft:soul_sand"
          }
        }
      },
      {
        "type": "origins:equipped_item",
        "equipment_slot": "offhand",
        "item_condition": {
          "type": "origins:ingredient",
          "inverted": true,
          "ingredient": {
            "item": "minecraft:soul_sand"
          }
        }
      },
      {
        "type": "origins:equipped_item",
        "equipment_slot": "mainhand",
        "item_condition": {
          "type": "origins:ingredient",
          "inverted": true,
          "ingredient": {
            "item": "minecraft:soul_soil"
          }
        }
      },
      {
        "type": "origins:equipped_item",
        "equipment_slot": "offhand",
        "item_condition": {
          "type": "origins:ingredient",
          "inverted": true,
          "ingredient": {
            "item": "minecraft:soul_soil"
          }
        }
      },
      {
        "type": "origins:equipped_item",
        "equipment_slot": "mainhand",
        "item_condition": {
          "type": "origins:ingredient",
          "inverted": true,
          "ingredient": {
            "item": "minecraft:end_stone"
          }
        }
      },
      {
        "type": "origins:equipped_item",
        "equipment_slot": "offhand",
        "item_condition": {
          "type": "origins:ingredient",
          "inverted": true,
          "ingredient": {
            "item": "minecraft:end_stone"
          }
        }
      }
    ]
  },
  "cooldown": 40,
  "hud_render": {
    "should_render": true,
    "bar_index": 6
  },
  "key": {
    "key": "key.origins.primary_active"
  },
  "hidden": true
}
