{
  	"type": "origins:active_self",
  	"entity_action": {
    	"type": "origins:and",
    	"actions": [
      		{
        		"type": "origins:apply_effect",
        		"effects": [
          			{
	            		"effect": "minecraft:speed",
	            		"duration": 200,
	            		"amplifier": 9,
	            		"show_icon": false,
	            		"show_particles": false
          			},
          			{
		            	"effect": "minecraft:invisibility",
		            	"duration": 200,
		            	"amplifier": 6,
		            	"show_icon": false,
		            	"show_particles": false
          			},
          			{
		            	"effect": "minecraft:jump_boost",
		            	"duration": 200,
		            	"amplifier": 3,
		            	"show_icon": false,
		            	"show_particles": false
          			}
        		]
    		},
        {
          "type": "origins:change_resource",
          "resource": "warp:displacement",
          "change": 15
        },
    		{
		    	"type": "origins:execute_command",
		        "command": "tag @s add warp_particles",
		        "permission_level": 4
    		},
    		{
        		"type": "origins:delay",
        		"ticks": 200,
        		"action": {
		          	"type": "origins:execute_command",
		          	"command": "tag @s remove warp_particles",
		          	"permission_level": 4
        		}
    		}
    	]
  	},
  	"cooldown": 500,
  	"hud_render": {
    	"should_render": true,
    	"sprite_location": "origins:textures/gui/community/spiderkolo/resource_bar_03.png",
    	"bar_index": 16
  	},
  	"key": {
    	"key": "key.origins.secondary_active"
  	},
  	"hidden": true
}
