{
  "type": "origins:multiple",
  "overworld": {
    "type": "origins:active_self",
    "entity_action": {
      "type": "origins:and",
      "actions": [
        {
          "type": "origins:execute_command",
          "command": "particle minecraft:dust 0.4 0 1 1 ~ ~0.9 ~ 0.7 0.7 0.7 1 2000 normal",
          "permission_level": 4
        },
        {
          "type": "origins:execute_command",
          "command": "playsound minecraft:entity.enderman.teleport master @a[distance=..15] ~ ~ ~ 1 0",
          "permission_level": 4
        },
        {
          "type": "origins:change_resource",
          "resource": "warp:displacement",
          "change": 50
        },
        {
          "type": "origins:execute_command",
          "command": "execute in minecraft:overworld run tp @s ~ ~ ~",
          "permission_level": 4
        },
        {
          "type": "origins:execute_command",
          "command": "particle minecraft:dust 0.4 0 1 1 ~ ~0.9 ~ 0.7 0.7 0.7 1 2000 normal",
          "permission_level": 4
        },
        {
          "type": "origins:execute_command",
          "command": "playsound minecraft:entity.enderman.teleport master @a[distance=..15] ~ ~ ~ 1 0",
          "permission_level": 4
        },
        {
          "type": "origins:chance",
          "action": {
            "type": "origins:apply_effect",
            "effects": [
              {
                "effect": "minecraft:nausea",
                "duration": 240,
                "amplifier": 7,
                "show_icon": false,
                "show_particles": false
              },
              {
                "effect": "minecraft:mining_fatigue",
                "duration": 240,
                "amplifier": 0,
                "show_icon": false,
                "show_particles": false
              },
              {
                "effect": "minecraft:slowness",
                "duration": 240,
                "amplifier": 0,
                "show_icon": false,
                "show_particles": false
              }
            ]
          },
          "chance": 0.6
        }
      ]
    },
    "condition": {
      "type": "origins:and",
      "conditions": [
        {
          "type": "origins:dimension",
          "dimension": "minecraft:overworld",
          "inverted": true
        },
        {
          "type": "origins:or",
          "conditions": [
            {
              "type": "origins:equipped_item",
              "equipment_slot": "mainhand",
              "item_condition": {
                "type": "origins:ingredient",
                "inverted": false,
                "ingredient": {
                  "item": "minecraft:grass_block"
                }
              }
            },
            {
              "type": "origins:equipped_item",
              "equipment_slot": "offhand",
              "item_condition": {
                "type": "origins:ingredient",
                "inverted": false,
                "ingredient": {
                  "item": "minecraft:grass_block"
                }
              }
            },
            {
              "type": "origins:equipped_item",
              "equipment_slot": "mainhand",
              "item_condition": {
                "type": "origins:ingredient",
                "inverted": false,
                "ingredient": {
                  "item": "minecraft:dirt"
                }
              }
            },
            {
              "type": "origins:equipped_item",
              "equipment_slot": "offhand",
              "item_condition": {
                "type": "origins:ingredient",
                "inverted": false,
                "ingredient": {
                  "item": "minecraft:dirt"
                }
              }
            }
          ]
        }
      ]
    },
    "cooldown": 40,
    "hud_render": {
      "should_render": false
    },
    "key": {
      "key": "key.origins.primary_active"
    }
  },
  "nether": {
    "type": "origins:active_self",
    "entity_action": {
      "type": "origins:and",
      "actions": [
        {
          "type": "origins:execute_command",
          "command": "particle minecraft:dust 0.4 0 1 1 ~ ~0.9 ~ 0.7 0.7 0.7 1 2000 normal",
          "permission_level": 4
        },
        {
          "type": "origins:execute_command",
          "command": "playsound minecraft:entity.enderman.teleport master @a[distance=..15] ~ ~ ~ 1 0",
          "permission_level": 4
        },
        {
          "type": "origins:change_resource",
          "resource": "warp:displacement",
          "change": 50
        },
        {
          "type": "origins:execute_command",
          "command": "execute in minecraft:the_nether run tp @s ~ ~ ~",
          "permission_level": 4
        },
        {
          "type": "origins:execute_command",
          "command": "particle minecraft:dust 0.4 0 1 1 ~ ~0.9 ~ 0.7 0.7 0.7 1 2000 normal",
          "permission_level": 4
        },
        {
          "type": "origins:execute_command",
          "command": "playsound minecraft:entity.enderman.teleport master @a[distance=..15] ~ ~ ~ 1 0",
          "permission_level": 4
        },
        {
          "type": "origins:chance",
          "action": {
            "type": "origins:apply_effect",
            "effects": [
              {
                "effect": "minecraft:nausea",
                "duration": 240,
                "amplifier": 7,
                "show_icon": false,
                "show_particles": false
              },
              {
                "effect": "minecraft:mining_fatigue",
                "duration": 240,
                "amplifier": 0,
                "show_icon": false,
                "show_particles": false
              },
              {
                "effect": "minecraft:slowness",
                "duration": 240,
                "amplifier": 0,
                "show_icon": false,
                "show_particles": false
              }
            ]
          },
          "chance": 0.6
        }
      ]
    },
    "condition": {
      "type": "origins:and",
      "conditions": [
        {
          "type": "origins:dimension",
          "dimension": "minecraft:the_nether",
          "inverted": true
        },
        {
          "type": "origins:or",
          "conditions": [
            {
              "type": "origins:equipped_item",
              "equipment_slot": "mainhand",
              "item_condition": {
                "type": "origins:ingredient",
                "inverted": false,
                "ingredient": {
                  "item": "minecraft:netherrack"
                }
              }
            },
            {
              "type": "origins:equipped_item",
              "equipment_slot": "offhand",
              "item_condition": {
                "type": "origins:ingredient",
                "inverted": false,
                "ingredient": {
                  "item": "minecraft:netherrack"
                }
              }
            },
            {
              "type": "origins:equipped_item",
              "equipment_slot": "mainhand",
              "item_condition": {
                "type": "origins:ingredient",
                "inverted": false,
                "ingredient": {
                  "item": "minecraft:soul_sand"
                }
              }
            },
            {
              "type": "origins:equipped_item",
              "equipment_slot": "offhand",
              "item_condition": {
                "type": "origins:ingredient",
                "inverted": false,
                "ingredient": {
                  "item": "minecraft:soul_sand"
                }
              }
            },
            {
              "type": "origins:equipped_item",
              "equipment_slot": "mainhand",
              "item_condition": {
                "type": "origins:ingredient",
                "inverted": false,
                "ingredient": {
                  "item": "minecraft:soul_soil"
                }
              }
            },
            {
              "type": "origins:equipped_item",
              "equipment_slot": "offhand",
              "item_condition": {
                "type": "origins:ingredient",
                "inverted": false,
                "ingredient": {
                  "item": "minecraft:soul_soil"
                }
              }
            }
          ]
        }
      ]
    },
    "cooldown": 40,
    "hud_render": {
      "should_render": false
    },
    "key": {
      "key": "key.origins.primary_active"
    }
  },
  "end": {
    "type": "origins:active_self",
    "entity_action": {
      "type": "origins:and",
      "actions": [
        {
          "type": "origins:execute_command",
          "command": "particle minecraft:dust 0.4 0 1 1 ~ ~0.9 ~ 0.7 0.7 0.7 1 2000 normal",
          "permission_level": 4
        },
        {
          "type": "origins:execute_command",
          "command": "playsound minecraft:entity.enderman.teleport master @a[distance=..15] ~ ~ ~ 1 0",
          "permission_level": 4
        },
        {
          "type": "origins:change_resource",
          "resource": "warp:displacement",
          "change": 50
        },
        {
          "type": "origins:execute_command",
          "command": "execute in minecraft:the_end run tp @s ~ ~ ~",
          "permission_level": 4
        },
        {
          "type": "origins:execute_command",
          "command": "particle minecraft:dust 0.4 0 1 1 ~ ~0.9 ~ 0.7 0.7 0.7 1 2000 normal",
          "permission_level": 4
        },
        {
          "type": "origins:execute_command",
          "command": "playsound minecraft:entity.enderman.teleport master @a[distance=..15] ~ ~ ~ 1 0",
          "permission_level": 4
        },
        {
          "type": "origins:chance",
          "action": {
            "type": "origins:apply_effect",
            "effects": [
              {
                "effect": "minecraft:nausea",
                "duration": 240,
                "amplifier": 7,
                "show_icon": false,
                "show_particles": false
              },
              {
                "effect": "minecraft:mining_fatigue",
                "duration": 240,
                "amplifier": 0,
                "show_icon": false,
                "show_particles": false
              },
              {
                "effect": "minecraft:slowness",
                "duration": 240,
                "amplifier": 0,
                "show_icon": false,
                "show_particles": false
              }
            ]
          },
          "chance": 0.6
        }
      ]
    },
    "condition": {
      "type": "origins:and",
      "conditions": [
        {
          "type": "origins:dimension",
          "dimension": "minecraft:the_end",
          "inverted": true
        },
        {
          "type": "origins:or",
          "conditions": [
            {
              "type": "origins:equipped_item",
              "equipment_slot": "mainhand",
              "item_condition": {
                "type": "origins:ingredient",
                "inverted": false,
                "ingredient": {
                  "item": "minecraft:end_stone"
                }
              }
            },
            {
              "type": "origins:equipped_item",
              "equipment_slot": "offhand",
              "item_condition": {
                "type": "origins:ingredient",
                "inverted": false,
                "ingredient": {
                  "item": "minecraft:end_stone"
                }
              }
            }
          ]
        }
      ]
    },
    "cooldown": 40,
    "hud_render": {
      "should_render": false
    },
    "key": {
      "key": "key.origins.primary_active"
    }
  },
  "hidden": true
}
