{
	"powers": [
		"warp:descriptions/displacement",
		"warp:descriptions/relocation",
		"warp:descriptions/transdimensional",
		"warp:descriptions/speed",
		"warp:descriptions/evolution",
		"warp:descriptions/nausea",
		"warp:relocation",
		"warp:displacement",
		"warp:recover",
		"warp:displacekill",
		"warp:evolution",
		"warp:speed",
		"warp:transdimensional",
		"warp:nonworkable_water",
		"origins:fire_immunity",
		"origins:nether_spawn",
		"origins:fall_immunity",
		"origins:carnivore",
		"origins:hotblooded",
		"origins:fall_immunity"
	],
	"icon": "minecraft:magenta_glazed_terracotta",
	"order": 0,
	"impact": 3,
	"name": "Nether Warper",
	"description": "Warpers are an alien race that have evolved over several millennia to displace their particles and reform them in another location. Although this ceratin race evolved in the nether, resulting in a fire-loving warper species."
}
